,links,names,ratings,price for one,cuisine
0,https://www.zomato.com/visakhapatnam/full-moon-delight-venkojipalem-vizag/order,Full Moon Delight,3.6,₹250 for one,"Biryani, North Indian, Chinese, Fast Food"
1,https://www.zomato.com/visakhapatnam/kfc-1-asilmetta-vizag/order,KFC,4.2,₹250 for one,"Fast Food, Burger"
2,https://www.zomato.com/visakhapatnam/we-bake-love-maddilapalem-vizag/order,We Bake Love,3.6,₹250 for one,"Bakery, Desserts"
3,https://www.zomato.com/visakhapatnam/dominos-pizza-maharani-peta-vizag/order,Domino's Pizza,4.3,₹250 for one,"Pizza, Fast Food, Desserts"
4,https://www.zomato.com/visakhapatnam/hyderabad-chorasta-biryani-dwaraka-nagar-vizag/order,Hyderabad Chorasta Biryani,3.3,₹250 for one,"Biryani, Chinese, North Indian"
5,https://www.zomato.com/visakhapatnam/kamat-takeaway-siripuram-vizag/order,Kamat Takeaway,4.2,₹250 for one,"Biryani, Andhra"
6,https://www.zomato.com/visakhapatnam/home-food-co-1-mvp-colony-vizag/order,Home Food Co.,3.9,₹250 for one,"South Indian, Andhra, Chinese, Bakery, Biryani, Fast Food, Desserts, Beverages"
7,https://www.zomato.com/visakhapatnam/bombay-restaurant-dabagardens-allipuram-vizag/order,Bombay Restaurant - Dabagardens,3.9,₹250 for one,"North Indian, Mughlai, Kebab, Chinese, Biryani, Seafood"
8,https://www.zomato.com/visakhapatnam/manis-kitchen-3-mvp-colony-vizag/order,Mani's Kitchen,3.6,₹250 for one,"Biryani, Chinese"
9,https://www.zomato.com/visakhapatnam/sri-sairam-parlour-dwaraka-nagar-vizag/order,Sri Sairam Parlour,4.3,₹100 for one,"Andhra, South Indian, Chinese, North Indian"
10,https://www.zomato.com/visakhapatnam/s-kotas-hotel-muntaj-venkojipalem-vizag/order,S Kota's Hotel Muntaj,4.3,₹100 for one,"North Indian, Chinese, Biryani"
11,https://www.zomato.com/visakhapatnam/helapuri-restaurant-diamond-park-dwaraka-nagar-vizag/order,Helapuri Restaurant-Diamond Park,4.1,₹100 for one,"North Indian, Chinese, Biryani, Mughlai, Seafood, Andhra, Desserts, Beverages"
12,https://www.zomato.com/visakhapatnam/real-deepak-punjabi-dhaba-ram-nagar-vizag/order,Real Deepak Punjabi Dhaba,4.3,₹100 for one,"North Indian, Biryani, Chinese, Sichuan, Mughlai"
13,https://www.zomato.com/visakhapatnam/spicy-paradise-restaurant-jagadamba-junction-vizag/order,Spicy Paradise Restaurant,3.9,₹100 for one,"North Indian, South Indian, Chinese, Biryani"
14,https://www.zomato.com/visakhapatnam/new-satyam-multicuisine-restaurant-takeaway-dwaraka-nagar-vizag/order,New Satyam Multicuisine Restaurant & Takeaway,4.2,₹100 for one,"North Indian, Biryani, Andhra, Chinese, Mughlai, Sichuan"
15,https://www.zomato.com/visakhapatnam/burger-king-asilmetta-vizag/order,Burger King,4.3,₹100 for one,"Burger, Fast Food"
16,https://www.zomato.com/visakhapatnam/chutneys-diamond-park-dwaraka-nagar-vizag/order,Chutneys Diamond Park,4.4,₹100 for one,"South Indian, North Indian, Chinese, Biryani, Desserts, Beverages"
17,https://www.zomato.com/visakhapatnam/yasoddha-noodles-point-lawsons-bay-vizag/order,Yasoddha Noodles Point,4.1,₹100 for one,"Chinese, Biryani, North Indian"
18,https://www.zomato.com/visakhapatnam/subway-mvp-colony-vizag/order,Subway,4.1,₹100 for one,"Wraps, Sandwich, Fast Food, Salad, Healthy Food"
19,https://www.zomato.com/visakhapatnam/eaters-stop-dwaraka-nagar-vizag/order,Eaters Stop,4.2,₹100 for one,"South Indian, North Indian"
20,https://www.zomato.com/visakhapatnam/celebrations-restaurant-akkayyapalem-vizag/order,Celebrations Restaurant,4.3,₹100 for one,"Continental, Chinese, South Indian, Biryani, Andhra, North Indian, Kebab, Ice Cream"
21,https://www.zomato.com/visakhapatnam/pizza-hut-dwaraka-nagar-vizag/order,Pizza Hut,4.1,₹200 for one,"Pizza, Fast Food, Desserts, Beverages"
22,https://www.zomato.com/visakhapatnam/zeeshan-restaurant-apna-hyderabadi-food-jagadamba-junction-vizag/order,Zeeshan Restaurant - Apna Hyderabadi Food,3.9,₹200 for one,"Biryani, North Indian, Mughlai, Chinese, Kebab, Juices, Shake, Beverages"
23,https://www.zomato.com/visakhapatnam/bombay-restaurant-jyothee-theatre-allipuram-vizag/order,Bombay Restaurant-Jyothee Theatre,4.0,₹200 for one,"Chinese, Seafood, North Indian, Kebab, Mughlai, Biryani"
24,https://www.zomato.com/visakhapatnam/new-dhaba-city-punjab-balayya-sastri-layout-vizag/order,New Dhaba City Punjab,4.1,₹200 for one,"North Indian, Mughlai, Chinese, Biryani"
25,https://www.zomato.com/visakhapatnam/satyam-non-veg-restaurant-dwaraka-nagar-vizag/order,Satyam Non-Veg Restaurant,4.2,₹200 for one,"Biryani, North Indian, Chinese"
26,https://www.zomato.com/visakhapatnam/72-biryanis-mvp-colony-vizag/order,72 Biryani's,3.6,₹200 for one,Biryani
27,https://www.zomato.com/visakhapatnam/shree-shyam-restaurant-allipuram-vizag/order,Shree Shyam Restaurant,3.8,₹200 for one,"North Indian, Chinese"
28,https://www.zomato.com/visakhapatnam/konaseema-biryani-maddilapalem-vizag/order,Konaseema Biryani,3.7,₹200 for one,"Biryani, Chinese, Andhra"
29,https://www.zomato.com/visakhapatnam/paradise-biryani-waltair-uplands-vizag/order,Paradise Biryani,3.8,₹200 for one,"Biryani, North Indian, Kebab, Chinese, Desserts"
30,https://www.zomato.com/visakhapatnam/svs-paradise-kancharapalem-vizag/order,SVS Paradise,3.6,₹200 for one,"Chinese, Biryani, North Indian, Seafood, Beverages"
31,https://www.zomato.com/visakhapatnam/new-muntaj-biryani-balayya-sastri-layout-vizag/order,New Muntaj Biryani,3.2,₹200 for one,"Biryani, Chinese, North Indian"
32,https://www.zomato.com/visakhapatnam/new-dhaba-shere-punjab-pure-veg-restaurant-allipuram-vizag/order,New Dhaba Shere-Punjab Pure Veg Restaurant,3.5,₹200 for one,North Indian
33,https://www.zomato.com/visakhapatnam/alpha-hotel-since-1948-jagadamba-junction-vizag/order,Alpha Hotel -Since 1948,4.0,₹200 for one,"Biryani, Seafood, North Indian, Chinese"
34,https://www.zomato.com/visakhapatnam/cakezone-dwaraka-nagar-vizag/order,CakeZone,4.2,₹200 for one,"Bakery, Desserts"
35,https://www.zomato.com/visakhapatnam/new-satyam-ritz-comfort-dwaraka-nagar-vizag/order,New Satyam Ritz Comfort,4.0,₹200 for one,Biryani
36,https://www.zomato.com/visakhapatnam/hotel-diamond-alpha-biryani-madhavadhara-vizag/order,Hotel Diamond Alpha Biryani,3.8,₹200 for one,Biryani
37,https://www.zomato.com/visakhapatnam/subbaiah-gari-hotel-dondaparithy-vizag/order,Subbaiah Gari Hotel,4.4,₹200 for one,Andhra
38,https://www.zomato.com/visakhapatnam/the-spicy-venue-siripuram-vizag/order,The Spicy Venue,4.4,₹200 for one,"Biryani, North Indian"
39,https://www.zomato.com/visakhapatnam/luq-food-plaza-dondaparithy-vizag/order,LUQ Food Plaza,3.6,₹200 for one,"Seafood, Fast Food"
40,https://www.zomato.com/visakhapatnam/abhiruchi-biryani-maddilapalem-vizag/order,Abhiruchi Biryani,3.8,₹200 for one,Biryani
41,https://www.zomato.com/visakhapatnam/mcdonalds-7-maddilapalem-vizag/order,McDonald's,4.3,₹200 for one,"Burger, Fast Food, Coffee, Beverages"
42,https://www.zomato.com/visakhapatnam/chickpet-donne-biryani-house-dwaraka-nagar-vizag/order,Chickpet Donne Biryani House,3.8,₹200 for one,"Biryani, North Indian, Seafood"
43,https://www.zomato.com/visakhapatnam/royal-rajasthan-restaurant-allipuram-vizag/order,Royal Rajasthan Restaurant,3.9,₹200 for one,North Indian
44,https://www.zomato.com/visakhapatnam/nic-ice-creams-allipuram-vizag/order,NIC Ice Creams,4.5,₹200 for one,"Ice Cream, Desserts"
45,https://www.zomato.com/visakhapatnam/jingle-bells-sagar-nagar-vizag/order,Jingle Bells,3.7,₹200 for one,"Chinese, Shake, Beverages"
46,https://www.zomato.com/visakhapatnam/cream-stone-ice-cream-siripuram-vizag/order,Cream Stone Ice Cream,4.1,₹200 for one,"Ice Cream, Desserts, Bakery, Shake"
47,https://www.zomato.com/visakhapatnam/lassi-shop-maharani-peta-vizag/order,Lassi Shop,4.1,₹200 for one,"Coffee, Beverages, Desserts, Ice Cream"
48,https://www.zomato.com/visakhapatnam/ganesh-parlour-allipuram-vizag/order,Ganesh Parlour,4.2,₹200 for one,"South Indian, Chinese"
49,https://www.zomato.com/visakhapatnam/jai-jaganath-restaurant-ram-nagar-vizag/order,Jai Jaganath Restaurant,4.0,₹200 for one,"Chinese, North Indian, Desserts"
50,https://www.zomato.com/visakhapatnam/grand-sri-sai-ram-parlour-dwaraka-nagar-vizag/order,Grand Sri Sai Ram Parlour,4.0,₹200 for one,"South Indian, Andhra"
51,https://www.zomato.com/visakhapatnam/tandoori-treats-1-siripuram-vizag/order,Tandoori Treats,3.2,₹200 for one,"North Indian, Biryani, Chinese"
52,https://www.zomato.com/visakhapatnam/gatox-natural-ice-cream-ram-nagar-vizag/order,Gatox Natural Ice Cream,4.6,₹200 for one,"Ice Cream, Beverages, Shake"
53,https://www.zomato.com/visakhapatnam/venkatadri-vantillu-asilmetta-vizag/order,Venkatadri Vantillu,4.4,₹200 for one,"South Indian, Shake, Juices"
54,https://www.zomato.com/visakhapatnam/hotel-maa-nethi-vindu-ram-nagar-vizag/order,Hotel Maa Nethi Vindu,4.4,₹200 for one,"South Indian, North Indian"
55,https://www.zomato.com/visakhapatnam/chutnees-dondaparithy-vizag/order,Chutnees,4.3,₹200 for one,"South Indian, North Indian, Andhra"
56,https://www.zomato.com/visakhapatnam/asha-family-restaurant-fast-foods-lawsons-bay-vizag/order,Asha Family Restaurant & Fast Foods,3.1,₹200 for one,"Biryani, Chinese, Seafood, Rolls, Mughlai, Sichuan, North Indian"
57,https://www.zomato.com/visakhapatnam/lucky-tiffins-mvp-colony-vizag/order,Lucky Tiffins,4.3,₹100 for one,South Indian
58,https://www.zomato.com/visakhapatnam/new-deepak-punjabi-dhaba-dwaraka-nagar-vizag/order,New Deepak Punjabi Dhaba,4.1,₹100 for one,"North Indian, Biryani, Kebab, Chinese, Seafood, Rolls"
59,https://www.zomato.com/visakhapatnam/bucket-biryani-1-balayya-sastri-layout-vizag/order,Bucket Biryani,3.5,₹100 for one,"Biryani, Chinese"
60,https://www.zomato.com/visakhapatnam/the-dessert-heaven-pure-veg-dwaraka-nagar-vizag/order,The Dessert Heaven - Pure Veg,4.3,₹100 for one,"Desserts, Bakery"
61,https://www.zomato.com/visakhapatnam/mr-little-idli-1-mvp-colony-vizag/order,Mr. Little Idli,4.1,₹100 for one,"South Indian, Street Food"
62,https://www.zomato.com/visakhapatnam/southern-foods-maddilapalem-vizag/order,Southern Foods,3.9,₹100 for one,"South Indian, North Indian, Biryani, Chinese, Mughlai, Sichuan, Kebab, Desserts"
63,https://www.zomato.com/visakhapatnam/kamat-take-away-in-mvp-colony-vizag/order,Kamat Take Away-In,3.2,₹100 for one,"Biryani, Chinese, North Indian, Sichuan"
64,https://www.zomato.com/visakhapatnam/grill-citi-lawsons-bay-vizag/order,Grill Citi,4.3,₹100 for one,"Shawarma, Kebab, North Indian"
65,https://www.zomato.com/visakhapatnam/reboot-dine-in-sagar-nagar-vizag/order,Reboot Dine In,3.7,₹100 for one,"North Indian, Biryani, Chinese, Seafood, Sichuan"
66,https://www.zomato.com/visakhapatnam/teenage-point-mvp-colony-vizag/order,Teenage Point,3.9,₹100 for one,"North Indian, Chinese, Biryani"
67,https://www.zomato.com/visakhapatnam/kalyani-mess-mvp-colony-vizag/order,Kalyani Mess,4.1,₹100 for one,"Biryani, South Indian, Mughlai"
68,https://www.zomato.com/visakhapatnam/red-pepper-family-restaurant-balayya-sastri-layout-vizag/order,Red Pepper Family Restaurant,3.4,₹100 for one,"North Indian, Biryani, Chinese, Sichuan"
69,https://www.zomato.com/visakhapatnam/cake-studio-dwaraka-nagar-vizag/order,Cake Studio,4.2,₹400 for one,Bakery
70,https://www.zomato.com/visakhapatnam/the-legendairy-milkshakes-maddilapalem-vizag/order,The Legendairy Milkshakes,4.5,₹400 for one,"Beverages, Shake"
71,https://www.zomato.com/visakhapatnam/naidu-gari-kunda-biryani-mvp-colony-vizag/order,Naidu Gari Kunda Biryani,3.8,₹400 for one,"Biryani, South Indian, North Indian, Chinese"
72,https://www.zomato.com/visakhapatnam/cake-shop-maddilapalem-vizag/order,Cake Shop,3.8,₹400 for one,"Bakery, Chinese, Sichuan, South Indian, North Indian, Biryani, Pizza, Fast Food"
73,https://www.zomato.com/visakhapatnam/cakesden-dwaraka-nagar-vizag/order,CakesDen,3.8,₹400 for one,Bakery
74,https://www.zomato.com/visakhapatnam/barbeque-nation-siripuram-vizag/order,Barbeque Nation,3.7,₹400 for one,"BBQ, North Indian, Biryani, Kebab, Continental, Chinese, Beverages, Desserts"
75,https://www.zomato.com/visakhapatnam/creme-shakes-balayya-sastri-layout-vizag/order,Creme Shakes,4.1,₹400 for one,"Desserts, Waffle, Ice Cream, Shake, Beverages"
76,https://www.zomato.com/visakhapatnam/dum-safar-biryani-by-barbeque-nation-siripuram-vizag/order,Dum Safar Biryani by Barbeque Nation,4.2,₹400 for one,"Biryani, North Indian, Kebab, BBQ, Beverages, Desserts"
77,https://www.zomato.com/visakhapatnam/dhaba-city-punjab-siripuram-vizag/order,Dhaba City Punjab,3.8,₹400 for one,"North Indian, Chinese"
78,https://www.zomato.com/visakhapatnam/the-shawarma-co-mvp-colony-vizag/order,The Shawarma Co.,3.7,₹400 for one,"Lebanese, Fast Food, Shawarma"
79,https://www.zomato.com/visakhapatnam/food-pot-allipuram-vizag/order,Food Pot,4.0,₹400 for one,"North Indian, Seafood, Chinese, Biryani"
80,https://www.zomato.com/visakhapatnam/lunchbox-meals-and-thalis-dwaraka-nagar-vizag/order,LunchBox - Meals and Thalis,3.9,₹400 for one,North Indian
81,https://www.zomato.com/visakhapatnam/varuns-eat-maharani-peta-vizag/order,Varun's Eat,4.5,₹250 for one,"North Indian, South Indian, Chinese, Kebab, Biryani, Desserts, Shake, Beverages"
82,https://www.zomato.com/visakhapatnam/yasoddha-food-express-mvp-colony-vizag/order,Yasoddha Food Express,3.9,₹250 for one,"Andhra, Chinese, Biryani, Seafood, Rolls, Street Food"
83,https://www.zomato.com/visakhapatnam/sri-siva-sai-good-foods-ram-nagar-vizag/order,Sri Siva Sai Good Foods,4.4,₹250 for one,South Indian
84,https://www.zomato.com/visakhapatnam/rizvi-dwaraka-nagar-vizag/order,Rizvi,4.2,₹250 for one,"Biryani, South Indian"
85,https://www.zomato.com/visakhapatnam/ubq-by-barbeque-nation-siripuram-vizag/order,UBQ by Barbeque Nation,3.7,₹250 for one,"BBQ, North Indian, Chinese, Street Food, Kebab, Beverages, Desserts"
86,https://www.zomato.com/visakhapatnam/jaipur-restaurant-1-allipuram-vizag/order,Jaipur Restaurant,3.9,₹250 for one,North Indian
87,https://www.zomato.com/visakhapatnam/kanhaji-family-restaurant-allipuram-vizag/order,Kanhaji Family Restaurant,4.1,₹250 for one,"North Indian, Chinese, Beverages"
88,https://www.zomato.com/visakhapatnam/swap-lawsons-bay-vizag/order,Swap,4.3,₹250 for one,Healthy Food
89,https://www.zomato.com/visakhapatnam/biryani-basket-akkayyapalem-vizag/order,Biryani Basket,3.5,₹250 for one,"Biryani, North Indian, Chinese, Rolls, Beverages"
90,https://www.zomato.com/visakhapatnam/haribabu-food-plaza-maddilapalem-vizag/order,Haribabu Food Plaza,3.2,₹250 for one,"Biryani, Chinese, South Indian, Sichuan"
91,https://www.zomato.com/visakhapatnam/reddys-food-court-maddilapalem-vizag/order,Reddy's Food Court,3.4,₹250 for one,"Chinese, Biryani, Fast Food, Rolls"
92,https://www.zomato.com/visakhapatnam/somaa-restobar-4-asilmetta-vizag/order,Somaa Restobar,4.1,₹250 for one,"Andhra, Biryani, Chinese, Continental, North Indian, Beverages"
93,https://www.zomato.com/visakhapatnam/sri-hari-hara-noodles-point-akkayyapalem-vizag/order,Sri Hari Hara Noodles Point,3.5,₹150 for one,"North Indian, Chinese, Rolls, Sichuan"
94,https://www.zomato.com/visakhapatnam/biryanis-and-more-2-siripuram-vizag/order,Biryanis And More,4.1,₹150 for one,"Biryani, South Indian, Chinese, Andhra, Sichuan"
95,https://www.zomato.com/visakhapatnam/faasos-wraps-rolls-dwaraka-nagar-vizag/order,Faasos - Wraps & Rolls,4.1,₹150 for one,"Rolls, Wraps, North Indian"
96,https://www.zomato.com/visakhapatnam/new-kalyani-mess-dwaraka-nagar-vizag/order,New Kalyani Mess,4.3,₹150 for one,"North Indian, South Indian, Chinese"
97,https://www.zomato.com/visakhapatnam/hotel-amrutham-veg-non-veg-maddilapalem-vizag/order,Hotel Amrutham Veg & Non Veg,3.3,₹150 for one,"Biryani, Chinese, Fast Food"
98,https://www.zomato.com/visakhapatnam/angels-dine-vishalaksmi-nagar-vizag/order,Angel's Dine,3.9,₹150 for one,"North Indian, Chinese, Biryani"
99,https://www.zomato.com/visakhapatnam/biryanis-lounge-dwaraka-nagar-vizag/order,Biryanis Lounge,4.3,₹150 for one,Biryani
100,https://www.zomato.com/visakhapatnam/sri-sai-chinese-restaurant-seethammadhara-vizag/order,Sri Sai Chinese Restaurant,3.3,₹150 for one,"Biryani, Chinese, Fast Food, Sichuan, Desserts"
101,https://www.zomato.com/visakhapatnam/the-desi-village-donne-biryani-vishalaksmi-nagar-vizag/order,The Desi Village - Donne Biryani,3.8,₹150 for one,"Biryani, Chinese, Andhra, Mughlai"
102,https://www.zomato.com/visakhapatnam/burgerr-bundii-1-dwaraka-nagar-vizag/order,Burgerr Bundii,4.0,₹150 for one,"Burger, Fast Food, Beverages"
103,https://www.zomato.com/visakhapatnam/golden-alfa-biryanis-allipuram-vizag/order,Golden Alfa Biryani's,3.1,₹150 for one,"Biryani, North Indian"
104,https://www.zomato.com/visakhapatnam/abs-absolute-barbecues-dwaraka-nagar-vizag/order,AB's - Absolute Barbecues,3.5,₹150 for one,"Biryani, BBQ, Kebab, North Indian, Desserts"
105,https://www.zomato.com/visakhapatnam/ravis-kitchen-non-veg-restaurant-lawsons-bay-vizag/order,Ravi's Kitchen Non-Veg Restaurant,4.1,₹200 for one,"North Indian, Biryani, Continental, Seafood"
106,https://www.zomato.com/visakhapatnam/ak-coastal-kitchen-sagar-nagar-vizag/order,AK Coastal Kitchen,3.8,₹200 for one,"South Indian, North Indian, Biryani, Chinese, Street Food, Beverages, Shake"
107,https://www.zomato.com/visakhapatnam/8-2-8-chef-mvp-colony-vizag/order,8 - 2 - 8 Chef,3.9,₹200 for one,"Biryani, Chinese, North Indian"
108,https://www.zomato.com/visakhapatnam/taste-well-jagadamba-junction-vizag/order,Taste Well,3.9,₹200 for one,"Biryani, Chinese"
109,https://www.zomato.com/visakhapatnam/andhra-spice-kitchen-akkayyapalem-vizag/order,Andhra Spice Kitchen,3.7,₹200 for one,"Chinese, South Indian, Biryani"
110,https://www.zomato.com/visakhapatnam/ibaco-siripuram-vizag/order,ibaco,4.4,₹200 for one,Desserts
111,https://www.zomato.com/visakhapatnam/kritunga-dwaraka-nagar-vizag/order,Kritunga,3.6,₹200 for one,"Biryani, North Indian"
112,https://www.zomato.com/visakhapatnam/cafe-military-venkojipalem-vizag/order,Cafe Military,4.2,₹200 for one,"South Indian, Biryani, North Indian, Chinese, Seafood, Mughlai, Kebab"
113,https://www.zomato.com/visakhapatnam/visakha-dosa-point-ram-nagar-vizag/order,Visakha Dosa Point,4.1,₹200 for one,South Indian
114,https://www.zomato.com/visakhapatnam/the-rasoi-ram-nagar-vizag/order,The Rasoi,4.1,₹200 for one,"North Indian, Street Food"
115,https://www.zomato.com/visakhapatnam/hotel-amaravati-allipuram-vizag/order,Hotel Amaravati,3.9,₹200 for one,"North Indian, South Indian, Mughlai, Seafood, Desserts, Beverages"
116,https://www.zomato.com/visakhapatnam/daspalla-executive-court-ram-nagar-vizag/order,Daspalla Executive Court,4.1,₹200 for one,"South Indian, North Indian, Chinese, Biryani, Seafood, Desserts, Beverages"
117,https://www.zomato.com/visakhapatnam/inavars-waltair-uplands-vizag/order,Inavars,4.2,₹500 for one,"Biryani, North Indian"
118,https://www.zomato.com/visakhapatnam/aruns-paradise-restaurant-mvp-colony-vizag/order,Arun's Paradise Restaurant,3.7,₹500 for one,"Chinese, Biryani, North Indian, Seafood, Mughlai"
119,https://www.zomato.com/visakhapatnam/amrutham-mvp-colony-vizag/order,Amrutham,3.9,₹500 for one,"Andhra, South Indian"
120,https://www.zomato.com/visakhapatnam/kelvin-scale-natural-ice-creams-and-waffle-mvp-colony-vizag/order,Kelvin Scale - Natural Ice Creams And Waffle,4.3,₹500 for one,"Ice Cream, Waffle, Bakery, Shake"
121,https://www.zomato.com/visakhapatnam/fusion-foods-multicusine-family-restaurant-siripuram-vizag/order,Fusion Foods Multicusine Family Restaurant,4.0,₹500 for one,"Andhra, North Indian, Biryani, Chinese, Kebab, Desserts, Shake, Beverages"
122,https://www.zomato.com/visakhapatnam/baybee-chikizza-dwaraka-nagar-vizag/order,Baybee Chikizza,3.7,₹500 for one,"Pizza, Sandwich, Burger, Fast Food, Desserts, Shake, Beverages"
123,https://www.zomato.com/visakhapatnam/foodies-dine-dwaraka-nagar-vizag/order,Foodies Dine,4.2,₹500 for one,"Biryani, North Indian, Chinese, Mughlai, Seafood, Ice Cream, Shake"
124,https://www.zomato.com/visakhapatnam/behrouz-biryani-dwaraka-nagar-vizag/order,Behrouz Biryani,4.1,₹500 for one,"Biryani, Kebab, Hyderabadi, Lucknowi"
125,https://www.zomato.com/visakhapatnam/waltair-kitchen-pl-grand-waltair-uplands-vizag/order,Waltair Kitchen - PL Grand,3.8,₹500 for one,"North Indian, Chinese, Continental, South Indian, Mughlai, Italian, Desserts, Beverages"
126,https://www.zomato.com/visakhapatnam/sri-chiru-food-court-akkayyapalem-vizag/order,Sri Chiru Food Court,3.2,₹500 for one,"Chinese, Sichuan"
127,https://www.zomato.com/visakhapatnam/v-s-k-olive-seethammadhara-vizag/order,V.S.K Olive,3.6,₹500 for one,"Chinese, Rolls"
128,https://www.zomato.com/visakhapatnam/plan-b-mvp-colony-vizag/order,Plan B,4.1,₹500 for one,"Chinese, Street Food, Fast Food, Pizza, Burger, Momos, Continental, Shake"
129,https://www.zomato.com/visakhapatnam/masters-biryani-1-maddilapalem-vizag/order,Masters Biryani,4.1,₹200 for one,"Biryani, North Indian, Chinese"
130,https://www.zomato.com/visakhapatnam/ayivs-kitchen-mvp-colony-vizag/order,Ayivs Kitchen,4.0,₹200 for one,"North Indian, Biryani, Chinese"
131,https://www.zomato.com/visakhapatnam/elegant-hotel-ram-nagar-vizag/order,Elegant Hotel,4.2,₹200 for one,"North Indian, South Indian, Chinese, Mughlai, Kebab, Biryani, Desserts, Beverages"
132,https://www.zomato.com/visakhapatnam/taco-bell-dwaraka-nagar-vizag/order,Taco Bell,3.6,₹200 for one,Mexican
133,https://www.zomato.com/visakhapatnam/the-lassi-shop-mvp-colony-vizag/order,The Lassi Shop,3.8,₹200 for one,"Beverages, Desserts"
134,https://www.zomato.com/visakhapatnam/varuns-pulka-kitchen-dwaraka-nagar-vizag/order,Varun's Pulka Kitchen,4.2,₹200 for one,"North Indian, Chinese"
135,https://www.zomato.com/visakhapatnam/shahasya-foods-dondaparithy-vizag/order,Shahasya Foods,4.0,₹200 for one,"North Indian, Chinese, Street Food, Seafood, Biryani, Mughlai"
136,https://www.zomato.com/visakhapatnam/the-invitation-365-siripuram-vizag/order,The Invitation 365,3.8,₹200 for one,"North Indian, Mughlai, Seafood, Chinese, Biryani, Fast Food, Desserts, Beverages"
137,https://www.zomato.com/visakhapatnam/masaledaar-desi-rasoi-dwaraka-nagar-vizag/order,Masaledaar Desi Rasoi,4.1,₹200 for one,"North Indian, Chinese, Sichuan, Fast Food, Desserts, Beverages"
138,https://www.zomato.com/visakhapatnam/the-thickshake-factory-madhavadhara-vizag/order,The ThickShake Factory,3.7,₹200 for one,"Beverages, Shake"
139,https://www.zomato.com/visakhapatnam/ovenfresh-cakes-and-desserts-dwaraka-nagar-vizag/order,Ovenfresh Cakes and Desserts,4.3,₹200 for one,"Bakery, Desserts, Ice Cream, Mithai, Beverages"
140,https://www.zomato.com/visakhapatnam/london-restaurant-balayya-sastri-layout-vizag/order,London Restaurant,New,₹200 for one,"Chinese, Biryani"
141,https://www.zomato.com/visakhapatnam/oven-story-pizza-standout-toppings-dwaraka-nagar-vizag/order,Oven Story Pizza - Standout Toppings,4.2,₹300 for one,"Pizza, Fast Food"
142,https://www.zomato.com/visakhapatnam/mayabazar-restaurant-allipuram-vizag/order,Mayabazar Restaurant,4.1,₹300 for one,"South Indian, Biryani, Chinese, Juices"
143,https://www.zomato.com/visakhapatnam/rasa-hotel-vivana-siripuram-vizag/order,Rasa - Hotel Vivana,4.2,₹300 for one,"Chinese, North Indian, Continental, South Indian, Biryani, Kebab, Desserts"
144,https://www.zomato.com/visakhapatnam/home-food-co-bakery-mvp-colony-vizag/order,Home Food Co Bakery,3.8,₹300 for one,"Bakery, Desserts"
145,https://www.zomato.com/visakhapatnam/the-foodwala-com-ram-nagar-vizag/order,The Foodwala.Com,4.2,₹300 for one,Biryani
146,https://www.zomato.com/visakhapatnam/gismat-arabic-restaurant-lawsons-bay-vizag/order,Gismat Arabic Restaurant,3.6,₹300 for one,"Arabian, Mandi"
147,https://www.zomato.com/visakhapatnam/hotel-rajasthan-palace-2-allipuram-vizag/order,Hotel Rajasthan Palace,3.5,₹300 for one,"Rajasthani, North Indian, South Indian, Gujarati, Bengali"
148,https://www.zomato.com/visakhapatnam/second-innings-from-mr-little-idli-lawsons-bay-vizag/order,Second Innings From Mr. Little Idli,4.0,₹300 for one,South Indian
149,https://www.zomato.com/visakhapatnam/vantalakka-biriyani-asilmetta-vizag/order,Vantalakka Biriyani,3.9,₹300 for one,"Street Food, Shake, Beverages"
150,https://www.zomato.com/visakhapatnam/hotel-ambicas-jewel-maddilapalem-vizag/order,Hotel Ambicas Jewel,3.9,₹300 for one,"North Indian, Biryani"
151,https://www.zomato.com/visakhapatnam/cakes-heaven-dondaparithy-vizag/order,Cakes Heaven,3.7,₹300 for one,Desserts
152,https://www.zomato.com/visakhapatnam/arabian-shawarma-sagar-nagar-vizag/order,Arabian Shawarma,4.0,₹300 for one,"Rolls, Fast Food"
153,https://www.zomato.com/visakhapatnam/vaishali-hotel-meghalaya-asilmetta-vizag/order,Vaishali - Hotel Meghalaya,4.0,₹150 for one,"South Indian, North Indian, Chinese, Desserts, Beverages, Shake"
154,https://www.zomato.com/visakhapatnam/the-burger-company-mvp-colony-vizag/order,The Burger Company,3.6,₹150 for one,"Burger, Fast Food, Desserts, Shake, Beverages"
155,https://www.zomato.com/visakhapatnam/sri-sai-nellore-vari-mess-1-jagadamba-junction-vizag/order,Sri Sai Nellore Vari Mess,4.0,₹150 for one,Andhra
156,https://www.zomato.com/visakhapatnam/blazed-pizza-lawsons-bay-vizag/order,Blazed Pizza,3.5,₹150 for one,"Pizza, Beverages"
157,https://www.zomato.com/visakhapatnam/arabian-shawarma-mvp-colony-vizag/order,Arabian Shawarma,4.0,₹150 for one,Shawarma
158,https://www.zomato.com/visakhapatnam/v-hotel-olive-dwaraka-nagar-vizag/order,V Hotel Olive,4.2,₹150 for one,"South Indian, North Indian, Chinese, Thai, Seafood, Biryani, Desserts, Beverages"
159,https://www.zomato.com/visakhapatnam/cool-cakes-dwaraka-nagar-vizag/order,Cool Cakes,3.7,₹150 for one,Bakery
160,https://www.zomato.com/visakhapatnam/samosa-singh-dondaparithy-vizag/order,Samosa Singh,3.5,₹150 for one,Street Food
161,https://www.zomato.com/visakhapatnam/crazy-biryani-seethammadhara-vizag/order,Crazy Biryani,3.5,₹150 for one,"Biryani, Chinese, North Indian"
162,https://www.zomato.com/visakhapatnam/astas-desi-darbar-madhavadhara-vizag/order,Asta's Desi Darbar,3.7,₹150 for one,"BBQ, North Indian, Chinese, Biryani, Mughlai, Ice Cream, Beverages"
163,https://www.zomato.com/visakhapatnam/barkaas-arabic-restaurant-dwaraka-nagar-vizag/order,Barkaas Arabic Restaurant,4.0,₹150 for one,"Arabian, North Indian, Biryani, Kebab, Mandi, Desserts, Beverages"
164,https://www.zomato.com/visakhapatnam/cabritoz-arabic-shawarma-maharani-peta-vizag/order,Cabritoz Arabic Shawarma,4.2,₹150 for one,Shawarma
165,https://www.zomato.com/visakhapatnam/the-good-bowl-dwaraka-nagar-vizag/order,The Good Bowl,3.8,₹200 for one,"North Indian, Pasta, Italian"
166,https://www.zomato.com/visakhapatnam/gautam-restaurant-sweets-jagadamba-junction-vizag/order,Gautam Restaurant & Sweets,3.7,₹200 for one,"South Indian, North Indian, Mithai, Chinese, Street Food"
167,https://www.zomato.com/visakhapatnam/royal-berry-and-royal-cream-shakes-sagar-nagar-vizag/order,Royal Berry And Royal Cream Shakes,4.0,₹200 for one,"Shake, Beverages, Ice Cream"
168,https://www.zomato.com/visakhapatnam/alpha-restaurant-mvp-colony-vizag/order,Alpha Restaurant,3.4,₹200 for one,"South Indian, Biryani"
169,https://www.zomato.com/visakhapatnam/the-port-hotel-allipuram-vizag/order,The Port Hotel,4.1,₹200 for one,"North Indian, Chinese, Biryani"
170,https://www.zomato.com/visakhapatnam/the-spicy-biryani-balayya-sastri-layout-vizag/order,The Spicy Biryani,3.3,₹200 for one,"Biryani, Chinese"
171,https://www.zomato.com/visakhapatnam/guma-gumalu-currys-meals-biryani-akkayyapalem-vizag/order,Guma Gumalu Curry's Meals & Biryani,3.2,₹200 for one,"Hyderabadi, Biryani, Andhra"
172,https://www.zomato.com/visakhapatnam/peoples-kitchen-lawsons-bay-vizag/order,People's Kitchen,4.1,₹200 for one,"South Indian, North Indian, Chinese, Mughlai"
173,https://www.zomato.com/visakhapatnam/shawarma-corner-mvp-colony-vizag/order,Shawarma Corner,4.3,₹200 for one,"Shawarma, Fast Food"
174,https://www.zomato.com/visakhapatnam/madstreet-delights-dwaraka-nagar-vizag/order,Madstreet Delights,4.4,₹200 for one,"Desserts, Beverages, Ice Cream"
175,https://www.zomato.com/visakhapatnam/firangi-bake-dwaraka-nagar-vizag/order,Firangi Bake,4.1,₹200 for one,"Italian, Mexican"
176,https://www.zomato.com/visakhapatnam/rohhotel-dwaraka-nagar-vizag/order,Rohhotel,3.9,₹200 for one,"North Indian, Chinese, Biryani"
177,https://www.zomato.com/visakhapatnam/naidu-gari-bhimavaram-kitchen-dondaparithy-vizag/order,Naidu Gari Bhimavaram Kitchen,4.1,₹300 for one,"Biryani, Chinese, Andhra"
178,https://www.zomato.com/visakhapatnam/drunken-monkey-1-asilmetta-vizag/order,Drunken Monkey,3.5,₹300 for one,"Beverages, Juices, Shake, Coffee, Healthy Food, Sandwich, Mexican, Wraps"
179,https://www.zomato.com/visakhapatnam/chefs-village-by-cuisine-voyage-balayya-sastri-layout-vizag/order,Chefs Village By Cuisine Voyage,3.8,₹300 for one,"Italian, Fast Food, Sandwich"
180,https://www.zomato.com/visakhapatnam/new-mumbai-punjabi-dhabha-allipuram-vizag/order,New Mumbai Punjabi Dhabha,3.9,₹300 for one,North Indian
181,https://www.zomato.com/visakhapatnam/vijayawadas-raju-gari-ruchulu-dwaraka-nagar-vizag/order,Vijayawada's Raju Gari Ruchulu,4.3,₹300 for one,"Chinese, South Indian, Mughlai, Biryani, North Indian, Seafood"
182,https://www.zomato.com/visakhapatnam/creme-castle-1-balayya-sastri-layout-vizag/order,Creme Castle,4.0,₹300 for one,"Ice Cream, Desserts"
183,https://www.zomato.com/visakhapatnam/sri-kakateeya-mess-dwaraka-nagar-vizag/order,Sri Kakateeya Mess,4.2,₹300 for one,"South Indian, Biryani, Chinese"
184,https://www.zomato.com/visakhapatnam/eat-more-bbq-allipuram-vizag/order,Eat More BBQ,3.3,₹300 for one,"BBQ, Seafood, North Indian, Mughlai, Chinese"
185,https://www.zomato.com/visakhapatnam/open-house-hotel-royal-fort-ram-nagar-vizag/order,Open House - Hotel Royal Fort,4.1,₹300 for one,"North Indian, Biryani, Chinese, Continental"
186,https://www.zomato.com/olive-grill-food-truck/order,Olive Grill,4.0,₹300 for one,"Chinese, North Indian, Sichuan"
187,https://www.zomato.com/visakhapatnam/taste-well-frankies-maharani-peta-vizag/order,Taste Well Frankies,3.8,₹300 for one,"Rolls, Pizza, Fast Food, Biryani, North Indian, Chinese, Shake"
188,https://www.zomato.com/visakhapatnam/kolkata-famous-egg-rolls-madhavadhara-vizag/order,Kolkata Famous Egg Rolls,4.1,₹300 for one,"Rolls, Momos, Kebab, Fast Food"
189,https://www.zomato.com/visakhapatnam/mantris-hotel-asilmetta-vizag/order,Mantris Hotel,4.0,₹300 for one,"South Indian, North Indian, Chinese, Continental, Salad, Biryani, Desserts, Beverages"
190,https://www.zomato.com/visakhapatnam/kebablicious-kirlampudi-layout-vizag/order,Kebablicious,4.0,₹300 for one,"Kebab, Momos"
191,https://www.zomato.com/visakhapatnam/star-jingle-bells-sagar-nagar-vizag/order,Star Jingle Bells,3.6,₹300 for one,"North Indian, Chinese, Biryani, Sichuan"
192,https://www.zomato.com/visakhapatnam/the-antique-kitchen-dondaparithy-vizag/order,The Antique Kitchen,4.3,₹300 for one,"North Indian, Chinese, Italian, Burger, Seafood, Shake, Beverages"
193,https://www.zomato.com/visakhapatnam/cabritoz-maharani-peta-vizag/order,Cabritoz,4.0,₹300 for one,"Mandi, Chinese, North Indian"
194,https://www.zomato.com/visakhapatnam/raj-makkne-1-vishalaksmi-nagar-vizag/order,Raj Makkne,3.4,₹300 for one,"Andhra, Chinese, North Indian, Biryani, Shawarma, Mandi, Desserts, Beverages"
195,https://www.zomato.com/visakhapatnam/the-chick-nation-lawsons-bay-vizag/order,The Chick Nation,4.0,₹300 for one,"Pizza, Burger, Sandwich, Fast Food, Shake"
196,https://www.zomato.com/visakhapatnam/the-biryani-life-dwaraka-nagar-vizag/order,The Biryani Life,3.3,₹300 for one,"Biryani, Kebab, North Indian"
197,https://www.zomato.com/visakhapatnam/senorita-restaurant-cafe-maddilapalem-vizag/order,Senorita Restaurant & Cafe,3.9,₹300 for one,"Chinese, Biryani, North Indian, Sichuan"
198,https://www.zomato.com/visakhapatnam/naidu-gari-kunda-biryani-allipuram-vizag/order,Naidu Gari Kunda Biryani,3.7,₹300 for one,"Biryani, Chinese, North Indian, Seafood, Andhra"
199,https://www.zomato.com/visakhapatnam/xpress-bucket-biryani-dwaraka-nagar-vizag/order,Xpress Bucket Biryani,3.2,₹300 for one,"Biryani, Street Food"
200,https://www.zomato.com/visakhapatnam/udipis-upahar-mvp-colony-vizag/order,Udipi's Upahar,New,₹300 for one,"South Indian, North Indian, Chinese, Sandwich, Street Food, Mithai, Ice Cream, Beverages"
201,https://www.zomato.com/visakhapatnam/grameen-kulfi-maddilapalem-vizag/order,Grameen Kulfi,4.5,₹100 for one,"Ice Cream, Desserts"
202,https://www.zomato.com/visakhapatnam/beuno-madhavadhara-vizag/order,Beuno,4.0,₹100 for one,"Pizza, Sandwich, Pasta, Shawarma, Kebab, Fast Food, Desserts, Beverages"
203,https://www.zomato.com/visakhapatnam/lazeez-pista-haleem-point-allipuram-vizag/order,Lazeez Pista Haleem Point,3.4,₹100 for one,"Biryani, North Indian, Desserts"
204,https://www.zomato.com/visakhapatnam/ganapati-restaurant-allipuram-vizag/order,Ganapati Restaurant,3.6,₹100 for one,"North Indian, Rajasthani, South Indian, Chinese, Beverages"
205,https://www.zomato.com/visakhapatnam/imperial-spice-mvp-colony-vizag/order,Imperial Spice,4.0,₹100 for one,"North Indian, Chinese, Mughlai, Seafood, Biryani"
206,https://www.zomato.com/visakhapatnam/creme-berry-balayya-sastri-layout-vizag/order,Creme Berry,4.2,₹100 for one,"Ice Cream, Desserts, Shake"
207,https://www.zomato.com/visakhapatnam/momo-zone-the-momo-company-seethammadhara-vizag/order,Momo Zone - The Momo Company,4.2,₹100 for one,"Momos, Tibetan, Chinese"
208,https://www.zomato.com/visakhapatnam/dwaraka-food-court-1-dwaraka-nagar-vizag/order,Dwaraka Food Court,3.6,₹100 for one,"North Indian, Chinese, Biryani, Fast Food, Rolls, Seafood"
209,https://www.zomato.com/visakhapatnam/happyoi-vishalaksmi-nagar-vizag/order,Happyoi,4.0,₹100 for one,"Cafe, Fast Food, Sandwich, Burger, Pizza, Pasta, Chinese, Beverages"
210,https://www.zomato.com/visakhapatnam/upland-bistro-waltair-uplands-vizag/order,Upland Bistro,4.2,₹100 for one,"Continental, Mediterranean, Mexican, Italian, French, Desserts, Beverages, Pizza"
211,https://www.zomato.com/visakhapatnam/hello-vizag-restaurant-dwaraka-nagar-vizag/order,Hello Vizag Restaurant,3.5,₹100 for one,"North Indian, Mughlai, Chinese, Seafood, Shawarma, Biryani, Rolls, Momos"
212,https://www.zomato.com/visakhapatnam/just-bake-siripuram-vizag/order,Just Bake,3.7,₹100 for one,"Bakery, Desserts"
213,https://www.zomato.com/visakhapatnam/jowos-the-zone-of-momos-maddilapalem-vizag/order,Jowos -The Zone Of Momos,New,₹100 for one,Momos
214,https://www.zomato.com/visakhapatnam/made-by-mom-mvp-colony-vizag/order,Made By Mom,3.6,₹100 for one,South Indian
215,https://www.zomato.com/visakhapatnam/baskin-robbins-ice-cream-desserts-sriharipuram-vizag/order,Baskin Robbins - Ice Cream Desserts,4.3,₹100 for one,"Ice Cream, Desserts, Beverages"
216,https://www.zomato.com/visakhapatnam/wok-republic-asilmetta-vizag/order,Wok Republic,3.7,₹100 for one,"Sandwich, Chinese, Thai, Fast Food, Sichuan"
217,https://www.zomato.com/visakhapatnam/sri-sai-jayanth-fast-foods-jagadamba-junction-vizag/order,Sri Sai Jayanth Fast Foods,3.5,₹100 for one,"Chinese, Biryani, Rolls"
218,https://www.zomato.com/visakhapatnam/makers-of-milkshakes-1-lawsons-bay-vizag/order,Makers Of Milkshakes,3.7,₹100 for one,"Beverages, Shake, Waffle, Ice Cream"
219,https://www.zomato.com/visakhapatnam/hotel-lorven-arilova-vizag/order,Hotel Lorven,4.0,₹100 for one,"South Indian, North Indian, Biryani"
220,https://www.zomato.com/visakhapatnam/sampath-biryani-mvp-colony-vizag/order,Sampath Biryani,3.4,₹100 for one,"Biryani, South Indian, Mughlai"
221,https://www.zomato.com/visakhapatnam/heritage-asilmetta-vizag/order,Heritage,4.2,₹100 for one,"South Indian, Chinese, North Indian, Desserts, Beverages"
222,https://www.zomato.com/visakhapatnam/veg-daawat-by-behrouz-dwaraka-nagar-vizag/order,Veg Daawat By Behrouz,3.7,₹100 for one,"Biryani, Mughlai, North Indian"
223,https://www.zomato.com/visakhapatnam/burgerito-dwaraka-nagar-vizag/order,Burgerito,4.1,₹100 for one,"Beverages, Wraps, Burger, Salad"
224,https://www.zomato.com/visakhapatnam/platform-65-waltair-uplands-vizag/order,Platform 65,3.4,₹100 for one,"South Indian, North Indian, Chinese, Biryani, Sichuan, Desserts, Beverages"
225,https://www.zomato.com/visakhapatnam/dish-delice-pizza-arilova-vizag/order,Dish Delice Pizza,4.4,₹300 for one,"Pizza, Fast Food"
226,https://www.zomato.com/visakhapatnam/wrap-it-dondaparithy-vizag/order,Wrap It,4.1,₹300 for one,Wraps
227,https://www.zomato.com/visakhapatnam/delhi-diner-hotel-rockdale-ram-nagar-vizag/order,Delhi Diner - Hotel Rockdale,4.0,₹300 for one,"North Indian, South Indian, Chinese, Italian, Salad, Fast Food, Desserts, Beverages"
228,https://www.zomato.com/visakhapatnam/sweet-truth-cake-and-desserts-dwaraka-nagar-vizag/order,Sweet Truth - Cake and Desserts,4.1,₹300 for one,"Desserts, Bakery, Ice Cream"
229,https://www.zomato.com/visakhapatnam/hangout-biryani-mvp-colony-vizag/order,Hangout Biryani,4.4,₹300 for one,"North Indian, Biryani, Chinese"
230,https://www.zomato.com/visakhapatnam/spice-affair-ram-nagar-vizag/order,Spice Affair,3.5,₹300 for one,"South Indian, Chinese, North Indian, Kebab, Biryani, Ice Cream, Desserts"
231,https://www.zomato.com/visakhapatnam/baes-cappuccino-balayya-sastri-layout-vizag/order,Bae's Cappuccino,4.0,₹300 for one,"Cafe, Chinese, Sandwich, Continental, Bakery, Pizza, Burger, Beverages"
232,https://www.zomato.com/visakhapatnam/budapest-a-bake-inn-seethammadhara-vizag/order,Budapest A Bake Inn,3.9,₹300 for one,"Fast Food, Waffle, Pancake, Ice Cream, Desserts, Shake, Coffee, Beverages"
233,https://www.zomato.com/visakhapatnam/venna-muddha-parlour-milk-products-seethammadhara-vizag/order,Venna Muddha Parlour & Milk Products,4.4,₹300 for one,South Indian
234,https://www.zomato.com/visakhapatnam/khana-khazana-balayya-sastri-layout-vizag/order,Khana Khazana,3.2,₹300 for one,"Biryani, Chinese, Seafood"
235,https://www.zomato.com/visakhapatnam/dessertino-siripuram-vizag/order,Dessertino,4.2,₹300 for one,"Desserts, Shake"
236,https://www.zomato.com/visakhapatnam/cheesecakes-by-cakezone-dondaparithy-vizag/order,Cheesecakes by CakeZone,4.0,₹300 for one,"Bakery, Desserts"
237,https://www.zomato.com/visakhapatnam/ak-parlour-jagadamba-junction-vizag/order,AK Parlour,-,₹150 for one,Biryani
238,https://www.zomato.com/visakhapatnam/express-by-abs-dwaraka-nagar-vizag/order,Express By ABs,4.1,₹150 for one,"Biryani, BBQ, Kebab, North Indian, Desserts"
239,https://www.zomato.com/visakhapatnam/kunafa-kirlampudi-layout-vizag/order,Kunafa,4.1,₹150 for one,Desserts
240,https://www.zomato.com/visakhapatnam/giani-ice-cream-maddilapalem-vizag/order,Giani Ice Cream,4.4,₹150 for one,"Ice Cream, Beverages, Desserts, Shake"
241,https://www.zomato.com/visakhapatnam/chandramma-vantillu-mvp-colony-vizag/order,Chandramma Vantillu,4.2,₹150 for one,"Biryani, Andhra"
242,https://www.zomato.com/visakhapatnam/cafe-coffee-day-4-maharani-peta-vizag/order,Cafe Coffee Day,4.1,₹150 for one,"Cafe, Coffee, Tea, Fast Food, Sandwich, Desserts, Shake, Beverages"
243,https://www.zomato.com/visakhapatnam/tea-time-venkojipalem-vizag/order,Tea Time,4.2,₹150 for one,"Tea, Beverages"
244,https://www.zomato.com/visakhapatnam/akshaya-restaurant-dondaparithy-vizag/order,Akshaya Restaurant,3.6,₹150 for one,"Biryani, Mughlai, Chinese, Seafood"
245,https://www.zomato.com/visakhapatnam/the-dessert-zone-seethammadhara-vizag/order,The Dessert Zone,3.8,₹150 for one,"Desserts, Ice Cream, Bakery, Shake, Beverages"
246,https://www.zomato.com/visakhapatnam/paratha-express-allipuram-vizag/order,Paratha Express,3.2,₹150 for one,"North Indian, Fast Food"
247,https://www.zomato.com/visakhapatnam/ssm-pan-mahal-lawsons-bay-vizag/order,SSM Pan Mahal,4.6,₹150 for one,Paan
248,https://www.zomato.com/visakhapatnam/mandi-palace-maddilapalem-vizag/order,Mandi Palace,3.5,₹150 for one,"Mandi, Fast Food"
249,https://www.zomato.com/visakhapatnam/tequila-mockingbird-dwaraka-nagar-vizag/order,Tequila Mockingbird,3.9,₹250 for one,"North Indian, Chinese, Street Food, Seafood, Biryani"
250,https://www.zomato.com/visakhapatnam/naidu-gari-military-hotel-mvp-colony-vizag/order,Naidu Gari Military Hotel,3.4,₹250 for one,"Biryani, Chinese, North Indian, Beverages"
251,https://www.zomato.com/visakhapatnam/kadapa-dosa-house-siripuram-vizag/order,Kadapa Dosa House,New,₹250 for one,South Indian
252,https://www.zomato.com/visakhapatnam/tummy-khush-waltair-uplands-vizag/order,Tummy Khush,4.0,₹250 for one,"Sandwich, Rolls, Fast Food, Chinese, Biryani, Shake, Beverages"
253,https://www.zomato.com/visakhapatnam/sams-griddle-1-siripuram-vizag/order,Sam's Griddle,3.5,₹250 for one,"North Indian, Mexican, Italian, Continental, Asian, Biryani"
254,https://www.zomato.com/visakhapatnam/sdn-garage-kitchen-restaurant-kancharapalem-vizag/order,SDN Garage Kitchen Restaurant,4.0,₹250 for one,"North Indian, Chinese, South Indian, Seafood, Biryani, Beverages"
255,https://www.zomato.com/visakhapatnam/pure-veg-meals-by-lunchbox-dwaraka-nagar-vizag/order,Pure Veg Meals By LunchBox,3.9,₹250 for one,North Indian
256,https://www.zomato.com/visakhapatnam/amritsar-haveli-ram-nagar-vizag/order,Amritsar Haveli,4.1,₹250 for one,"North Indian, Chinese, Desserts, Beverages"
257,https://www.zomato.com/visakhapatnam/the-belgian-waffle-store-sagar-nagar-vizag/order,The Belgian Waffle Store,3.7,₹250 for one,Waffle
258,https://www.zomato.com/visakhapatnam/tasty-noodles-point-mvp-colony-vizag/order,Tasty Noodles Point,3.7,₹250 for one,"Chinese, Sichuan, Rolls, Street Food"
259,https://www.zomato.com/visakhapatnam/panorama-ambica-sea-green-kirlampudi-layout-vizag/order,Panorama - Ambica Sea Green,4.3,₹250 for one,"Continental, South Indian, North Indian, Chinese, Biryani, Salad, Desserts, Beverages"
260,https://www.zomato.com/visakhapatnam/faasos-signature-wraps-and-rolls-dwaraka-nagar-vizag/order,Faasos Signature Wraps and Rolls,4.2,₹250 for one,"Rolls, Wraps, Fast Food"
261,https://www.zomato.com/visakhapatnam/the-chicken-stories-ram-nagar-vizag/order,The Chicken Stories,New,₹200 for one,"Chinese, Fast Food, Sandwich, Burger, Pizza, Wraps, Beverages"
262,https://www.zomato.com/visakhapatnam/hotel-dakshin-parcels-siripuram-vizag/order,Hotel Dakshin Parcels,3.9,₹150 for one,"Andhra, North Indian, Mughlai, Chinese, Seafood, Biryani"
263,https://www.zomato.com/visakhapatnam/gurgaon-rasoi-3-allipuram-vizag/order,Gurgaon Rasoi,3.6,₹40 for one,"North Indian, Fast Food"
264,https://www.zomato.com/visakhapatnam/star-mehfil-madhavadhara-vizag/order,Star Mehfil,New,₹500 for one,"Biryani, North Indian, Mughlai, Seafood, Chinese, Kebab, Sichuan, Desserts"
265,https://www.zomato.com/visakhapatnam/desi-tadka-dondaparithy-vizag/order,Desi Tadka,3.6,₹200 for one,"North Indian, Biryani, Chinese, Seafood"
266,https://www.zomato.com/visakhapatnam/kaati-zone-rolls-and-wraps-seethammadhara-vizag/order,Kaati Zone Rolls and Wraps,4.0,₹150 for one,"Rolls, Wraps, Fast Food, Desserts, Shake"
267,https://www.zomato.com/visakhapatnam/precious-pizza-balayya-sastri-layout-vizag/order,Precious Pizza,3.1,₹150 for one,"Pizza, Burger, Pasta"
268,https://www.zomato.com/visakhapatnam/babji-noodles-point-lawsons-bay-vizag/order,Babji Noodles Point,4.1,₹200 for one,"Chinese, Rolls, Kebab, Biryani, Street Food"
269,https://www.zomato.com/visakhapatnam/zaykaa-haleem-siripuram-vizag/order,Zaykaa Haleem,3.9,₹150 for one,"Biryani, Hyderabadi"
270,https://www.zomato.com/visakhapatnam/craving-chinna-waltair-vizag/order,Craving,4.4,₹200 for one,Desserts
271,https://www.zomato.com/visakhapatnam/v-r-kitchens-arilova-vizag/order,V R Kitchen's,3.0,₹300 for one,"Pizza, Chinese, Biryani, North Indian"
272,https://www.zomato.com/visakhapatnam/beach-house-vishalaksmi-nagar-vizag/order,Beach House,3.9,₹400 for one,"South Indian, Fast Food, Chinese, Bar Food"
273,https://www.zomato.com/visakhapatnam/fruit-age-dondaparithy-vizag/order,Fruit Age,4.2,₹150 for one,Juices
274,https://www.zomato.com/visakhapatnam/coffee-and-kitchen-balayya-sastri-layout-vizag/order,Coffee And Kitchen,4.0,₹150 for one,"Beverages, Coffee, Shake, Chinese, Biryani, Fast Food"
275,https://www.zomato.com/visakhapatnam/slurpy-shakes-seethammadhara-vizag/order,Slurpy Shakes,3.1,₹150 for one,"Shake, Ice Cream, Desserts"
276,https://www.zomato.com/visakhapatnam/fabelle-chocolates-dwaraka-nagar-vizag/order,Fabelle Chocolates,4.0,₹150 for one,"Desserts, Ice Cream, Bakery, Juices, Beverages"
277,https://www.zomato.com/visakhapatnam/vintage-ice-creams-ice-pops-dwaraka-nagar-vizag/order,Vintage Ice Creams & Ice Pops,4.0,₹150 for one,"Ice Cream, Desserts, Waffle, Shake"
278,https://www.zomato.com/visakhapatnam/veeraju-cashew-chicken-pakodi-mvp-colony-vizag/order,Veeraju Cashew Chicken Pakodi,3.4,₹150 for one,"Fast Food, Street Food"
279,https://www.zomato.com/visakhapatnam/rayalaseema-ruchulu-kirlampudi-layout-vizag/order,Rayalaseema Ruchulu,4.1,₹150 for one,"South Indian, Andhra"
280,https://www.zomato.com/visakhapatnam/cake-time-seethammadhara-vizag/order,Cake Time,-,₹150 for one,Bakery
281,https://www.zomato.com/visakhapatnam/sivakotis-food-magic-vishalaksmi-nagar-vizag/order,Sivakoti's Food Magic,4.0,₹150 for one,"Andhra, North Indian, Chinese, Seafood"
282,https://www.zomato.com/visakhapatnam/the-cellar-restuarant-maddilapalem-vizag/order,The Cellar Restuarant,3.7,₹150 for one,"South Indian, North Indian, Biryani, Beverages"
283,https://www.zomato.com/visakhapatnam/indiana-burgers-madhavadhara-vizag/order,Indiana Burgers,4.2,₹150 for one,"Burger, Fast Food, Rolls, Beverages, Desserts, Shake"
284,https://www.zomato.com/visakhapatnam/the-mughal-darbar-vizag-drive-in-lawsons-bay-vizag/order,The Mughal Darbar (Vizag Drive In),3.5,₹150 for one,"North Indian, Biryani, Seafood, Mughlai"
285,https://www.zomato.com/visakhapatnam/dumont-creamery-chinna-waltair-vizag/order,Dumont Creamery,4.4,₹200 for one,"Ice Cream, Beverages"
286,https://www.zomato.com/visakhapatnam/pastry-coffee-n-conversation-siripuram-vizag/order,Pastry Coffee N Conversation,4.0,₹200 for one,"Cafe, Italian, Mexican, Continental, Sandwich, Pasta, Pizza, Beverages"
287,https://www.zomato.com/visakhapatnam/circars-bistro-east-point-colony-vizag/order,Circars Bistro,4.5,₹200 for one,"Continental, Salad, Burger, European, Fast Food"
288,https://www.zomato.com/visakhapatnam/best-western-plus-tejvivaan-dondaparithy-vizag/order,Best Western Plus Tejvivaan,4.0,₹200 for one,"North Indian, Andhra, Continental, Oriental, Biryani, Desserts"
289,https://www.zomato.com/visakhapatnam/masala-andhra-an-ethnic-cuisine-maharani-peta-vizag/order,Masala Andhra - An Ethnic Cuisine,3.3,₹200 for one,"Andhra, North Indian, Chinese"
290,https://www.zomato.com/visakhapatnam/the-healthy-grub-lawsons-bay-vizag/order,The Healthy Grub,3.9,₹200 for one,"Healthy Food, South Indian"
291,https://www.zomato.com/visakhapatnam/haps-resto-cafe-dwaraka-nagar-vizag/order,Haps Resto Cafe,4.0,₹200 for one,"Pizza, Burger, Fast Food, Sandwich, Shake, Beverages"
292,https://www.zomato.com/visakhapatnam/feast-n-fit-mvp-colony-vizag/order,Feast N Fit,3.8,₹200 for one,"Healthy Food, Sandwich, Wraps, Pasta, Salad"
293,https://www.zomato.com/visakhapatnam/aqua-the-park-lawsons-bay/order,Aqua - The Park,-,₹200 for one,Italian
294,https://www.zomato.com/visakhapatnam/my-noodles-point-mvp-colony-vizag/order,My Noodles Point,4.5,₹200 for one,"Chinese, Biryani, Rolls, Sichuan, Fast Food"
295,https://www.zomato.com/visakhapatnam/salado-chinna-waltair-vizag/order,SaladO,New,₹200 for one,"Salad, Healthy Food"
296,https://www.zomato.com/visakhapatnam/dine-destiny-lawsons-bay-vizag/order,Dine Destiny,4.0,₹200 for one,"Biryani, North Indian, Mughlai, Continental, Chinese, Beverages, Seafood, Italian"
297,https://www.zomato.com/visakhapatnam/unique-kebabs-sagar-nagar-vizag/order,Unique Kebabs,4.0,₹150 for one,"Kebab, North Indian, Chinese"
298,https://www.zomato.com/visakhapatnam/healthy-epicure-sagar-nagar-vizag/order,Healthy Epicure,New,₹150 for one,"Healthy Food, South Indian, Street Food, Sandwich, Juices, Beverages"
299,https://www.zomato.com/visakhapatnam/biryani-dabba-restaurant-siripuram-vizag/order,Biryani Dabba Restaurant,2.7,₹150 for one,"Biryani, Chinese, North Indian, Fast Food, Street Food"
300,https://www.zomato.com/visakhapatnam/rs-cloud-kitchen-maddilapalem-vizag/order,RS Cloud Kitchen,3.2,₹150 for one,"Chinese, Seafood, Rolls, Sandwich, Fast Food"
301,https://www.zomato.com/visakhapatnam/warmoven-cake-desserts-seethammadhara-vizag/order,WarmOven Cake & Desserts,3.5,₹150 for one,"Bakery, Desserts"
302,https://www.zomato.com/visakhapatnam/eeshaas-spicy-annam-seethammadhara-vizag/order,Eeshaa's Spicy Annam,3.7,₹150 for one,"North Indian, South Indian, Seafood, Chinese"
303,https://www.zomato.com/visakhapatnam/village-kitchen-allipuram-vizag/order,Village Kitchen,-,₹150 for one,"North Indian, Mughlai, Momos, Seafood"
304,https://www.zomato.com/visakhapatnam/skml-tasty-food-1-akkayyapalem-vizag/order,SKML Tasty Food,3.6,₹150 for one,"South Indian, Biryani, Street Food"
305,https://www.zomato.com/visakhapatnam/mccafe-by-mcdonalds-maddilapalem-vizag/order,McCafe by McDonald's,4.1,₹150 for one,"Cafe, Coffee, Shake, Fast Food, Desserts"
306,https://www.zomato.com/visakhapatnam/wendys-burgers-dwaraka-nagar-vizag/order,Wendy's Burgers,New,₹150 for one,"Burger, Fast Food, American"
307,https://www.zomato.com/visakhapatnam/pakka-hyderabadi-mvp-colony-vizag/order,Pakka Hyderabadi,New,₹150 for one,"Hyderabadi, Biryani, Desserts"
308,https://www.zomato.com/visakhapatnam/ciros-pizzeria-siripuram-vizag/order,Ciro’s Pizzeria,-,₹150 for one,"Pizza, Italian, Beverages"
309,https://www.zomato.com/visakhapatnam/burger-it-up-seethammadhara-vizag/order,Burger It Up,4.0,₹300 for one,"Burger, American, Fast Food, Desserts, Shake, Beverages"
310,https://www.zomato.com/visakhapatnam/rail-dhaba-maddilapalem-vizag/order,Rail Dhaba,3.6,₹300 for one,"South Indian, Chinese, Biryani, North Indian"
311,https://www.zomato.com/visakhapatnam/savya-ruchi-mvp-colony-vizag/order,Savya Ruchi,3.7,₹300 for one,"Chinese, Sandwich, Street Food, Fast Food"
312,https://www.zomato.com/visakhapatnam/momo-zone-the-momo-company-madhavadhara-vizag/order,Momo Zone - The Momo Company,-,₹300 for one,"Momos, Tibetan, Chinese"
313,https://www.zomato.com/visakhapatnam/bengal-by-the-bay-asilmetta-vizag/order,Bengal By The Bay,4.2,₹300 for one,Bengali
314,https://www.zomato.com/visakhapatnam/cupcake-bliss-cakes-desserts-seethammadhara-vizag/order,Cupcake Bliss Cakes & Desserts,3.8,₹300 for one,"Bakery, Desserts, Ice Cream, Shake"
315,https://www.zomato.com/visakhapatnam/the-cloud-kitchen-company-akkayyapalem-vizag/order,The Cloud Kitchen Company,3.2,₹300 for one,"Lebanese, Rolls, Momos, Fast Food, Desserts, Shake, Beverages"
316,https://www.zomato.com/visakhapatnam/lalithaa-food-court-allipuram-vizag/order,Lalithaa Food Court,-,₹300 for one,"Chinese, Rolls"
317,https://www.zomato.com/visakhapatnam/desilicious-bajji-siripuram-vizag/order,Desilicious Bajji,3.5,₹300 for one,Street Food
318,https://www.zomato.com/visakhapatnam/simple-meals-ram-nagar-vizag/order,Simple Meals,New,₹300 for one,"Burger, Pizza, Wraps, Sandwich, Fast Food, Shake, Beverages"
319,https://www.zomato.com/visakhapatnam/qubaa-east-point-colony-vizag/order,Qubaa,New,₹300 for one,"Bar Food, Biryani, Fast Food, Chinese, Beverages"
320,https://www.zomato.com/visakhapatnam/bamboo-bay-the-park-lawsons-bay-vizag/order,Bamboo Bay - The Park,4.0,₹300 for one,"North Indian, Mughlai, Andhra, Kerala, South Indian"
321,https://www.zomato.com/visakhapatnam/zaika-restaurant-kirlampudi-layout-vizag/order,Zaika Restaurant,-,₹400 for one,"Seafood, North Indian, Chinese, Pasta, Wraps, Waffle, Tea, Shake"
322,https://www.zomato.com/visakhapatnam/the-eatery-four-points-by-sheraton-waltair-uplands/order,The Eatery - Four Points By Sheraton,4.2,"₹1,000 for one","North Indian, Chinese, Mexican, Continental, Biryani, Fast Food, Desserts, Beverages"
323,https://www.zomato.com/visakhapatnam/welcomhotel-devee-grand-bay-maharani-peta-vizag/order,WelcomHotel Devee Grand Bay,4.0,₹400 for one,"North Indian, South Indian, Sandwich, Continental, Italian, Asian, Desserts"
324,https://www.zomato.com/visakhapatnam/unique-flavour-bites-asilmetta-vizag/order,Unique Flavour Bites,New,₹300 for one,"Pancake, Pizza, Sandwich, Burger, Wraps, Fast Food, Beverages"
325,https://www.zomato.com/visakhapatnam/windys-family-restaurant-1-kirlampudi-layout-vizag/order,Windy's Family Restaurant,3.8,₹200 for one,"North Indian, Chinese, South Indian, Seafood, Biryani"
326,https://www.zomato.com/visakhapatnam/master-rice-maddilapalem-vizag/order,Master Rice,-,₹200 for one,South Indian
327,https://www.zomato.com/visakhapatnam/biryani-ka-badshah-maddilapalem-vizag/order,Biryani Ka Badshah,3.4,₹200 for one,"Biryani, North Indian, Chinese, Sichuan"
328,https://www.zomato.com/visakhapatnam/mehek-biryani-house-jagadamba-junction-vizag/order,Mehek Biryani House,-,₹200 for one,"Biryani, South Indian, North Indian, Chinese"
329,https://www.zomato.com/visakhapatnam/masalah-mafia-palm-beach-hotel-kirlampudi-layout-vizag/order,Masalah Mafia - Palm Beach Hotel,3.3,₹600 for one,"Chinese, North Indian, Continental"
330,https://www.zomato.com/visakhapatnam/kouzina-kafe-the-food-court-seethammadhara-vizag/order,Kouzina Kafe - The Food Court,3.9,₹200 for one,"Fast Food, Burger, Momos, Rolls, Desserts, Bakery, Shake"
331,https://www.zomato.com/visakhapatnam/friends-kaffe-day-vishalaksmi-nagar-vizag/order,Friends Kaffe Day,-,₹150 for one,"Tea, Coffee, North Indian, Fast Food, Chinese, Street Food, Shake, Beverages"
332,https://www.zomato.com/visakhapatnam/vaisakhi-kshatriya-foods-mvp-colony-vizag/order,Vaisakhi Kshatriya Foods,3.4,₹250 for one,"Andhra, Chinese"
333,https://www.zomato.com/visakhapatnam/bake-my-day-maddilapalem-vizag/order,Bake My Day,3.7,₹200 for one,Bakery
334,https://www.zomato.com/visakhapatnam/babji-biryani-point-mvp-colony-vizag/order,Babji Biryani Point,3.5,₹200 for one,"Biryani, Chinese"
335,https://www.zomato.com/visakhapatnam/twilight-siripuram-vizag/order,Twilight,-,₹200 for one,"Chinese, Continental, Pizza, Sandwich, Burger, Fast Food, Beverages"
336,https://www.zomato.com/visakhapatnam/express-noodles-point-mvp-colony-vizag/order,Express Noodles Point,4.2,₹200 for one,"Chinese, Biryani, Rolls, Kebab, Fast Food"
337,https://www.zomato.com/visakhapatnam/warmoven-cake-desserts-madhavadhara-vizag/order,WarmOven Cake & Desserts,4.3,₹200 for one,"Bakery, Desserts, Ice Cream, Shake, Beverages"
338,https://www.zomato.com/visakhapatnam/moonlight-biryanis-vizag-kancharapalem-vizag/order,Moonlight Biryani's Vizag,-,₹200 for one,"Biryani, Chinese, Rolls"
339,https://www.zomato.com/visakhapatnam/my-cafe-1-dwaraka-nagar-vizag/order,My Cafe,-,₹200 for one,"Pizza, Sandwich, Burger, Fast Food, Biryani, Seafood, Beverages"
340,https://www.zomato.com/visakhapatnam/selene-resto-cafe-siripuram-vizag/order,Selene Resto Cafe,-,₹200 for one,"North Indian, Chinese, Italian, Continental, Salad, Korean, Biryani, Fast Food"
341,https://www.zomato.com/visakhapatnam/maai-restaurant-the-beacon-hotel-1-akkayyapalem-vizag/order,Maai Restaurant - The Beacon Hotel,2.9,₹200 for one,"South Indian, Andhra, North Indian, Chinese, Continental, Biryani, Fast Food, Beverages"
342,https://www.zomato.com/visakhapatnam/sundae-everyday-ice-creams-seethammadhara-vizag/order,Sundae Everyday Ice Creams,3.9,₹200 for one,"Ice Cream, Desserts, Shake"
343,https://www.zomato.com/visakhapatnam/midnight-food-arilova-vizag/order,Midnight Food,2.9,₹200 for one,"Pizza, Italian, Burger, Rolls, Sandwich, Fast Food"
344,https://www.zomato.com/visakhapatnam/china-house-1-mvp-colony-vizag/order,China House,3.1,₹200 for one,"Chinese, Seafood, Momos, Sichuan"
345,https://www.zomato.com/visakhapatnam/the-shack-the-park-lawsons-bay-vizag/order,The Shack - The Park,4.0,₹650 for one,"Moroccan, Oriental, Desserts"
346,https://www.zomato.com/visakhapatnam/meating-multi-cuisine-1-vishalaksmi-nagar-vizag/order,Meating Multi Cuisine,-,₹650 for one,"North Indian, Chinese, Biryani"
347,https://www.zomato.com/visakhapatnam/pizzarea-lawsons-bay-vizag/order,Pizzarea,-,₹650 for one,"Pizza, Fast Food"
348,https://www.zomato.com/visakhapatnam/vista-the-park-dwaraka-nagar-vizag/order,Vista - The Park,4.1,₹650 for one,"American, North Indian, Thai, Continental, Desserts"
349,https://www.zomato.com/visakhapatnam/master-rasoi-seethammadhara-vizag/order,Master Rasoi,-,₹650 for one,"South Indian, Fast Food"
350,https://www.zomato.com/visakhapatnam/amazing-biryani-allipuram-vizag/order,Amazing Biryani,-,₹650 for one,"Biryani, South Indian"
351,https://www.zomato.com/visakhapatnam/cosmic-house-siripuram-vizag/order,Cosmic House,-,₹650 for one,"Continental, North Indian, Beverages, Desserts"
352,https://www.zomato.com/visakhapatnam/indiana-burgers-seethammadhara-vizag/order,Indiana Burgers,3.7,₹650 for one,"Burger, Fast Food, Rolls, Beverages, Desserts, Shake"
353,https://www.zomato.com/visakhapatnam/belly-fullys-restaurant-vishalaksmi-nagar-vizag/order,Belly Fully's Restaurant,3.9,₹650 for one,"South Indian, Chinese, North Indian, Biryani"
354,https://www.zomato.com/visakhapatnam/dragon-noodles-point-mvp-colony-vizag/order,Dragon Noodles Point,3.0,₹650 for one,"Chinese, Rolls, Biryani, Sichuan"
355,https://www.zomato.com/visakhapatnam/delights-by-inox-allipuram-vizag/order,Delights by INOX,4.0,₹650 for one,"Fast Food, Street Food"
356,https://www.zomato.com/visakhapatnam/patnam-ruchi-mvp-colony-vizag/order,Patnam Ruchi,3.4,₹650 for one,"Biryani, Kebab, Desserts, Beverages"
357,https://www.zomato.com/visakhapatnam/the-shawarma-company-akkayyapalem-vizag/order,The Shawarma Company,New,₹200 for one,"Shawarma, Fast Food, Beverages"
358,https://www.zomato.com/visakhapatnam/helapuri-restaurant-rtc-complex-dwaraka-nagar-vizag/order,Helapuri Restaurant-RTC Complex,4.1,₹200 for one,"Biryani, Chinese, North Indian, Andhra"
359,https://www.zomato.com/visakhapatnam/aks-taste-well-fast-foods-dwaraka-nagar-vizag/order,AK's Taste Well Fast Foods,4.1,₹100 for one,Chinese
360,https://www.zomato.com/visakhapatnam/surya-fast-food-mvp-colony-vizag/order,Surya Fast Food,3.7,₹150 for one,"Chinese, Rolls"
361,https://www.zomato.com/visakhapatnam/red-velvet-dwaraka-nagar-vizag/order,Red Velvet,4.2,₹200 for one,"Bakery, Fast Food"
362,https://www.zomato.com/visakhapatnam/sweet-india-foods-ram-nagar-vizag/order,Sweet India Foods,4.0,₹150 for one,"Desserts, Street Food"
363,https://www.zomato.com/visakhapatnam/rajus-kitchen-seethammadhara-vizag/order,Raju's Kitchen,4.1,₹150 for one,"Biryani, Chinese, North Indian, Fast Food, South Indian"
364,https://www.zomato.com/visakhapatnam/swagrama-food-court-madhavadhara-vizag/order,Swagrama Food Court,3.6,₹200 for one,"North Indian, Biryani, Chinese, Sichuan, Andhra"
365,https://www.zomato.com/visakhapatnam/the-red-box-mvp-colony-vizag/order,The Red Box,3.8,₹200 for one,"Chinese, Momos, Thai"
366,https://www.zomato.com/visakhapatnam/dayaram-sweets-balayya-sastri-layout-vizag/order,Dayaram Sweets,4.0,₹100 for one,Mithai
367,https://www.zomato.com/visakhapatnam/laddu-gopal-kirlampudi-layout-vizag/order,Laddu Gopal,3.8,₹150 for one,"Street Food, North Indian, Desserts"
368,https://www.zomato.com/visakhapatnam/the-arabian-kitchen-kancharapalem-vizag/order,The Arabian Kitchen,3.4,₹200 for one,"Mandi, North Indian, Chinese, Biryani"
369,https://www.zomato.com/visakhapatnam/italiyo-mvp-colony-vizag/order,Italiyo,3.7,₹200 for one,"Burger, Pizza, Pasta, Sandwich, Fast Food, Desserts"
370,https://www.zomato.com/visakhapatnam/bakers-hub-asilmetta-vizag/order,Bakers Hub,4.3,₹150 for one,"Bakery, Sandwich, Fast Food, Shake"
371,https://www.zomato.com/visakhapatnam/my-restaurant-maddilapalem-vizag/order,My Restaurant,3.9,₹150 for one,"Andhra, North Indian, Chinese, Seafood"
372,https://www.zomato.com/visakhapatnam/snow-dunes-dwaraka-nagar-vizag/order,Snow Dunes,4.3,₹150 for one,"Bakery, Ice Cream, Pizza, Sandwich, Burger, Fast Food, Chinese, Shake"
373,https://www.zomato.com/visakhapatnam/nimantran-inn-allipuram-vizag/order,Nimantran Inn,4.5,₹150 for one,"Bengali, North Indian"
374,https://www.zomato.com/visakhapatnam/gowrishankar-parlour-seethammadhara-vizag/order,Gowrishankar Parlour,4.2,₹150 for one,South Indian
375,https://www.zomato.com/visakhapatnam/sri-siva-priya-mess-mvp-colony-vizag/order,Sri Siva Priya Mess,4.3,₹150 for one,"South Indian, Chinese, Street Food"
376,https://www.zomato.com/visakhapatnam/sri-sairam-tiffin-meals-maddilapalem-vizag/order,Sri Sairam Tiffin & Meals,3.9,₹150 for one,"South Indian, Andhra"
377,https://www.zomato.com/visakhapatnam/sri-hanuman-bakery-sweets-mvp-colony-vizag/order,Sri Hanuman Bakery & Sweets,3.7,₹150 for one,Fast Food
378,https://www.zomato.com/visakhapatnam/sarvani-sweets-madhavadhara-vizag/order,Sarvani Sweets,4.0,₹150 for one,Mithai
379,https://www.zomato.com/visakhapatnam/manmohan-rajasthani-bhojanalaya-allipuram-vizag/order,Manmohan Rajasthani Bhojanalaya,4.2,₹150 for one,"North Indian, South Indian, Chinese"
380,https://www.zomato.com/visakhapatnam/five-star-koli-hut-1-siripuram-vizag/order,Five Star & Koli Hut,4.6,₹150 for one,"Fast Food, Burger, Rolls, Street Food"
381,https://www.zomato.com/visakhapatnam/4-seasons-asilmetta-vizag/order,4 Seasons,4.1,₹150 for one,"Pizza, Chinese, Fast Food, Biryani, Sandwich, Belgian"
382,https://www.zomato.com/visakhapatnam/new-delhi-sweets-kirlampudi-layout-vizag/order,New Delhi Sweets,3.9,₹150 for one,"Mithai, Bakery, Street Food, Rolls"
383,https://www.zomato.com/visakhapatnam/wonton-momos-madhavadhara-vizag/order,Wonton Momos,4.0,₹150 for one,"Fast Food, Momos, Rolls"
384,https://www.zomato.com/visakhapatnam/the-thickshake-factory-kirlampudi-layout-vizag/order,The Thickshake Factory,4.3,₹150 for one,"Beverages, Shake"
385,https://www.zomato.com/visakhapatnam/fresh-choice-patisserie-bakery-café-siripuram-vizag/order,"Fresh Choice- Patisserie, Bakery & Café",4.2,₹150 for one,"Bakery, Pizza, Sandwich, Fast Food"
386,https://www.zomato.com/visakhapatnam/five-star-koli-hut-kancharapalem-vizag/order,Five Star Koli Hut,3.8,₹150 for one,"Fast Food, Burger, Rolls, Kebab"
387,https://www.zomato.com/visakhapatnam/swagrama-foods-mvp-colony-vizag/order,Swagrama Foods,4.4,₹150 for one,"Desserts, Mithai"
388,https://www.zomato.com/visakhapatnam/the-desi-village-donne-biryani-dwaraka-nagar-vizag/order,The Desi Village - Donne Biryani,3.8,₹150 for one,"North Indian, Chinese, Mughlai, Biryani, Seafood"
389,https://www.zomato.com/visakhapatnam/five-star-chicken-koli-hut-akkayyapalem-vizag/order,Five Star Chicken & Koli Hut,4.0,₹150 for one,"Fast Food, Burger, Rolls"
390,https://www.zomato.com/visakhapatnam/pastry-chef-madhavadhara-vizag/order,Pastry Chef,4.6,₹150 for one,"Bakery, Desserts, Chinese, Pizza, Sandwich, Fast Food, Sichuan, Beverages"
391,https://www.zomato.com/visakhapatnam/hashtag-restro-cafe-lawsons-bay-vizag/order,Hashtag Restro Cafe,3.5,₹150 for one,"North Indian, Chinese, Salad, Mughlai, Mexican, Biryani, Sandwich, Fast Food"
392,https://www.zomato.com/visakhapatnam/mandi-croods-chinna-waltair-vizag/order,Mandi Croods,3.8,₹150 for one,"Mandi, Arabian, Desserts"
393,https://www.zomato.com/visakhapatnam/syamala-ghee-sweets-asilmetta-vizag/order,Syamala Ghee Sweets,4.1,₹150 for one,"Mithai, Street Food"
394,https://www.zomato.com/visakhapatnam/best-bakers-madhavadhara-vizag/order,Best Bakers,3.5,₹100 for one,"Bakery, Desserts, Pizza, Fast Food, Street Food"
395,https://www.zomato.com/visakhapatnam/wonton-momos-seethammadhara-vizag/order,Wonton Momos,3.5,₹100 for one,"Momos, Rolls"
396,https://www.zomato.com/visakhapatnam/karachi-bakery-mvp-colony-vizag/order,Karachi Bakery,4.5,₹100 for one,"Bakery, Desserts, Fast Food"
397,https://www.zomato.com/visakhapatnam/mallu-vish-lawsons-bay-vizag/order,Mallu Vish,4.2,₹100 for one,Kerala
398,https://www.zomato.com/visakhapatnam/bakers-castle-siripuram-vizag/order,Bakers Castle,4.6,₹100 for one,"Bakery, Fast Food, Chinese"
399,https://www.zomato.com/visakhapatnam/food-ex-siripuram-vizag/order,Food Ex,4.3,₹100 for one,"Pizza, Burger, Sandwich, Fast Food, Bakery"
400,https://www.zomato.com/visakhapatnam/sri-lakshmi-ganapathi-sweets-mvp-colony-vizag/order,Sri Lakshmi Ganapathi Sweets,4.4,₹100 for one,Mithai
401,https://www.zomato.com/visakhapatnam/soup-stop-dwaraka-nagar-vizag/order,Soup Stop,4.1,₹100 for one,"Chinese, Biryani, Sichuan, Desserts, Beverages"
402,https://www.zomato.com/visakhapatnam/creme-castle-mvp-colony-vizag/order,Creme Castle,4.4,₹100 for one,"Ice Cream, Desserts"
403,https://www.zomato.com/visakhapatnam/swadham-northway-hotel-allipuram-vizag/order,Swadham-Northway Hotel,4.0,₹100 for one,"North Indian, South Indian, Mughlai, Biryani, Chinese, Desserts, Beverages"
404,https://www.zomato.com/visakhapatnam/maa-nethi-vindu-1-dondaparithy-vizag/order,Maa Nethi Vindu,4.2,₹100 for one,"South Indian, Biryani, Chinese, North Indian, Street Food, Juices, Beverages"
405,https://www.zomato.com/visakhapatnam/kolkata-famous-egg-rolls-kancharapalem-vizag/order,Kolkata Famous Egg Rolls,3.4,₹100 for one,"Rolls, Momos, Chinese"
406,https://www.zomato.com/visakhapatnam/sri-gruha-laxmi-home-foods-siripuram-vizag/order,Sri Gruha Laxmi Home Foods,4.4,₹150 for one,"Mithai, Bakery"
407,https://www.zomato.com/visakhapatnam/house-of-dosas-1-kirlampudi-layout-vizag/order,House Of Dosas,4.4,₹150 for one,"South Indian, Street Food, North Indian"
408,https://www.zomato.com/visakhapatnam/tibbs-frankie-serving-rolls-since-1969-kirlampudi-layout-vizag/order,Tibb's Frankie - Serving Rolls Since 1969,4.2,₹150 for one,Rolls
409,https://www.zomato.com/visakhapatnam/mr-kitchen-seethammadhara-vizag/order,Mr Kitchen,4.3,₹150 for one,"Andhra, North Indian, Chinese, Kebab, Biryani, Mughlai"
410,https://www.zomato.com/visakhapatnam/laddu-gopal-seethammadhara-vizag/order,Laddu Gopal,4.5,₹150 for one,Desserts
411,https://www.zomato.com/visakhapatnam/chaat-india-seethammadhara-vizag/order,Chaat India,4.1,₹150 for one,Street Food
412,https://www.zomato.com/visakhapatnam/new-bharat-cafe-allipuram-vizag/order,New Bharat Cafe,4.4,₹150 for one,South Indian
413,https://www.zomato.com/visakhapatnam/tycoon-multicuisine-restaurant-asilmetta-vizag/order,Tycoon Multicuisine Restaurant,4.1,₹150 for one,"North Indian, Chinese, Biryani, Desserts, Ice Cream, Beverages"
414,https://www.zomato.com/visakhapatnam/brew-n-bistro-lawsons-bay-vizag/order,Brew 'n' Bistro,4.2,₹150 for one,"Cafe, Continental, Coffee, Italian, Desserts, Beverages"
415,https://www.zomato.com/visakhapatnam/shero-home-food-andhra-ram-nagar-vizag/order,Shero Home Food - Andhra,3.9,₹150 for one,"Andhra, South Indian, Desserts"
416,https://www.zomato.com/visakhapatnam/uncles-pulao-lawsons-bay-vizag/order,Uncle's Pulao,3.5,₹150 for one,South Indian
417,https://www.zomato.com/visakhapatnam/creme-berry-mvp-colony-vizag/order,Creme Berry,4.3,₹150 for one,"Ice Cream, Desserts, Shake"
418,https://www.zomato.com/vizag-biryani-express-food-tru/order,Vizag Biryani Express - Move on Beat the Hungry,3.6,₹250 for one,"North Indian, Chinese, Biryani, Mughlai, Seafood"
419,https://www.zomato.com/visakhapatnam/sri-sairam-parlour-24-7-maddilapalem-vizag/order,Sri Sairam Parlour 24/7,4.3,₹250 for one,South Indian
420,https://www.zomato.com/visakhapatnam/nellore-vari-meals-and-tiffins-hotel-chandras-allipuram-vizag/order,Nellore Vari Meals And Tiffins - Hotel Chandra's,4.2,₹250 for one,"Biryani, Seafood, Chinese, North Indian, South Indian"
421,https://www.zomato.com/visakhapatnam/chaat-bells-madhavadhara-vizag/order,Chaat Bells,3.7,₹250 for one,Street Food
422,https://www.zomato.com/visakhapatnam/five-star-chicken-jagadamba-junction-vizag/order,Five Star Chicken,4.0,₹250 for one,"Fast Food, Burger, Rolls"
423,https://www.zomato.com/visakhapatnam/mini-cafe-millitary-balayya-sastri-layout-vizag/order,Mini Cafe Millitary,New,₹250 for one,"South Indian, North Indian, Biryani"
424,https://www.zomato.com/visakhapatnam/chandu-sweets-dondaparithy-vizag/order,Chandu Sweets,4.0,₹250 for one,"Mithai, Desserts, Street Food"
425,https://www.zomato.com/visakhapatnam/sri-rama-tiffins-meals-1-mvp-colony-vizag/order,Sri Rama Tiffins & Meals,3.8,₹250 for one,South Indian
426,https://www.zomato.com/visakhapatnam/house-of-candies-mvp-colony-vizag/order,House Of Candies,3.1,₹250 for one,"Fast Food, Desserts, Pizza, Burger, Sandwich"
427,https://www.zomato.com/visakhapatnam/winni-cakes-more-madhavadhara-vizag/order,Winni Cakes & More,3.9,₹250 for one,"Bakery, Desserts, Pizza, Fast Food"
428,https://www.zomato.com/visakhapatnam/orange-cafe-madhavadhara-vizag/order,Orange Cafe,4.1,₹250 for one,"Sandwich, Burger, Fast Food, South Indian, Ice Cream, Desserts, Shake, Beverages"
429,https://www.zomato.com/visakhapatnam/vikendi-premium-ice-cream-lounge-dwaraka-nagar-vizag/order,Vikendi Premium Ice Cream Lounge,3.8,₹250 for one,"Ice Cream, Continental"
430,https://www.zomato.com/visakhapatnam/v-nawabi-darbar-akkayyapalem-vizag/order,V Nawabi Darbar,4.0,₹250 for one,"North Indian, Chinese, Arabian, Biryani, Sichuan, Mughlai"
431,https://www.zomato.com/visakhapatnam/hungry-dragon-2-mvp-colony-vizag/order,Hungry Dragon,3.8,₹250 for one,"Chinese, Fast Food"
432,https://www.zomato.com/visakhapatnam/tibbs-frankie-serving-rolls-since-1969-mvp-colony-vizag/order,Tibb's Frankie - Serving Rolls Since 1969,3.4,₹250 for one,Rolls
